{
  "Get_user_from_variable -1" : {
    "transaction" : "Get_user_from_variable -1",
    "sampleCount" : 100,
    "errorCount" : 0,
    "errorPct" : 0.0,
    "meanResTime" : 77.20000000000002,
    "medianResTime" : 72.5,
    "minResTime" : 59.0,
    "maxResTime" : 178.0,
    "pct1ResTime" : 95.60000000000002,
    "pct2ResTime" : 106.0,
    "pct3ResTime" : 177.7499999999999,
    "throughput" : 14.05086412814388,
    "receivedKBytesPerSec" : 23.986636310945624,
    "sentKBytesPerSec" : 1.783801110018266
  },
  "Get_user_from_variable -0" : {
    "transaction" : "Get_user_from_variable -0",
    "sampleCount" : 100,
    "errorCount" : 0,
    "errorPct" : 0.0,
    "meanResTime" : 321.89,
    "medianResTime" : 149.5,
    "minResTime" : 112.0,
    "maxResTime" : 1157.0,
    "pct1ResTime" : 1139.0,
    "pct2ResTime" : 1145.0,
    "pct3ResTime" : 1156.92,
    "throughput" : 13.776002204160353,
    "receivedKBytesPerSec" : 8.24219288125086,
    "sentKBytesPerSec" : 1.7489065298250448
  },
  "Total" : {
    "transaction" : "Total",
    "sampleCount" : 400,
    "errorCount" : 0,
    "errorPct" : 0.0,
    "meanResTime" : 366.27000000000004,
    "medianResTime" : 207.0,
    "minResTime" : 59.0,
    "maxResTime" : 2548.0,
    "pct1ResTime" : 1145.0,
    "pct2ResTime" : 1224.6999999999998,
    "pct3ResTime" : 2539.040000000001,
    "throughput" : 39.82080637132901,
    "receivedKBytesPerSec" : 62.55560913389746,
    "sentKBytesPerSec" : 6.3192197610751615
  },
  "Get_user_from_variable " : {
    "transaction" : "Get_user_from_variable ",
    "sampleCount" : 100,
    "errorCount" : 0,
    "errorPct" : 0.0,
    "meanResTime" : 400.09,
    "medianResTime" : 233.5,
    "minResTime" : 184.0,
    "maxResTime" : 1227.0,
    "pct1ResTime" : 1210.7,
    "pct2ResTime" : 1218.9,
    "pct3ResTime" : 1226.99,
    "throughput" : 13.655605626109518,
    "receivedKBytesPerSec" : 31.482038611224905,
    "sentKBytesPerSec" : 3.4672436160043696
  },
  "Get_list_of_user" : {
    "transaction" : "Get_list_of_user",
    "sampleCount" : 100,
    "errorCount" : 0,
    "errorPct" : 0.0,
    "meanResTime" : 665.9000000000002,
    "medianResTime" : 344.0,
    "minResTime" : 253.0,
    "maxResTime" : 2548.0,
    "pct1ResTime" : 1950.6000000000006,
    "pct2ResTime" : 2439.849999999999,
    "pct3ResTime" : 2547.97,
    "throughput" : 10.15744032503809,
    "receivedKBytesPerSec" : 16.991889918740476,
    "sentKBytesPerSec" : 1.2895187912646013
  }
}